{
  "prior": {
    "1": 0.41413373860182373,
    "3": 0.18465045592705168,
    "2": 0.34574468085106386,
    "4": 0.05547112462006079
  },
  "feature_weights": {
    "1": {
      "has_and": 0.031192660550458717,
      "has_comma_clause": 0.03302752293577982,
      "has_with": 0.08073394495412844,
      "has_when": 0.09174311926605505,
      "word_count_short": 0.45504587155963305,
      "word_count_medium": 0.43302752293577984,
      "word_count_long": 0.11192660550458716,
      "column_mentions_few": 0.818348623853211,
      "column_mentions_some": 0.15412844036697249,
      "column_mentions_many": 0.027522935779816515
    },
    "2": {
      "has_and": 0.45494505494505494,
      "has_comma_clause": 0.23296703296703297,
      "has_with": 0.2703296703296703,
      "has_when": 0.16483516483516483,
      "word_count_short": 0.04835164835164835,
      "word_count_medium": 0.5824175824175825,
      "word_count_long": 0.36923076923076925,
      "column_mentions_few": 0.3802197802197802,
      "column_mentions_some": 0.6065934065934065,
      "column_mentions_many": 0.013186813186813187
    },
    "3": {
      "has_and": 0.6995884773662552,
      "has_comma_clause": 0.522633744855967,
      "has_with": 0.2674897119341564,
      "has_when": 0.23045267489711935,
      "word_count_short": 0.00411522633744856,
      "word_count_medium": 0.19753086419753085,
      "word_count_long": 0.7983539094650206,
      "column_mentions_few": 0.12757201646090535,
      "column_mentions_some": 0.7983539094650206,
      "column_mentions_many": 0.07407407407407407
    },
    "4": {
      "has_and": 0.8493150684931506,
      "has_comma_clause": 0.7397260273972602,
      "has_with": 0.2191780821917808,
      "has_when": 0.3561643835616438,
      "word_count_short": 0.0,
      "word_count_medium": 0.0410958904109589,
      "word_count_long": 0.958904109589041,
      "column_mentions_few": 0.0684931506849315,
      "column_mentions_some": 0.4931506849315068,
      "column_mentions_many": 0.4383561643835616
    }
  }
}