{
  "prior": {
    "1": 0.42020497803806733,
    "3": 0.17569546120058566,
    "2": 0.3528550512445095,
    "4": 0.05124450951683748
  },
  "feature_weights": {
    "1": {
      "has_and": 0.0313588850174216,
      "has_comma_clause": 0.027874564459930314,
      "has_with": 0.08536585365853659,
      "has_when": 0.11498257839721254,
      "word_count_short": 0.44947735191637633,
      "word_count_medium": 0.4163763066202091,
      "word_count_long": 0.13414634146341464,
      "column_mentions_few": 0.8571428571428571,
      "column_mentions_some": 0.12717770034843207,
      "column_mentions_many": 0.0156794425087108
    },
    "2": {
      "has_and": 0.45228215767634855,
      "has_comma_clause": 0.23858921161825727,
      "has_with": 0.2551867219917012,
      "has_when": 0.16390041493775934,
      "word_count_short": 0.05186721991701245,
      "word_count_medium": 0.5912863070539419,
      "word_count_long": 0.35684647302904565,
      "column_mentions_few": 0.36929460580912865,
      "column_mentions_some": 0.6265560165975104,
      "column_mentions_many": 0.004149377593360996
    },
    "3": {
      "has_and": 0.7041666666666667,
      "has_comma_clause": 0.5291666666666667,
      "has_with": 0.2875,
      "has_when": 0.1875,
      "word_count_short": 0.004166666666666667,
      "word_count_medium": 0.19583333333333333,
      "word_count_long": 0.8,
      "column_mentions_few": 0.12083333333333333,
      "column_mentions_some": 0.825,
      "column_mentions_many": 0.05416666666666667
    },
    "4": {
      "has_and": 0.8285714285714286,
      "has_comma_clause": 0.7285714285714285,
      "has_with": 0.21428571428571427,
      "has_when": 0.37142857142857144,
      "word_count_short": 0.0,
      "word_count_medium": 0.1,
      "word_count_long": 0.9,
      "column_mentions_few": 0.05714285714285714,
      "column_mentions_some": 0.5,
      "column_mentions_many": 0.44285714285714284
    }
  }
}