{
  "prior": {
    "number": 0.25077138849929875,
    "team": 0.10967741935483871,
    "year": 0.015427769985974754,
    "city": 0.0967741935483871,
    "state_region": 0.020476858345021037,
    "person": 0.3666199158485273,
    "position": 0.014866760168302946,
    "country": 0.03225806451612903,
    "organization": 0.03450210378681627,
    "school": 0.031136044880785415,
    "sport": 0.005329593267882188,
    "status": 0.015988779803646564,
    "language": 0.003927068723702665,
    "genre": 0.002244039270687237
  },
  "feature_probs": {
    "number": {
      "first_upper": 0.006696428571428571,
      "all_upper": 0.9419642857142857,
      "has_digits": 0.9955357142857143,
      "single_word": 0.7377232142857143,
      "two_words": 0.1875,
      "multi_word": 0.07589285714285714,
      "short": 0.2857142857142857,
      "long": 0.0078125,
      "all_lower": 0.9765625,
      "has_special": 0.625
    },
    "team": {
      "first_upper": 0.24427480916030533,
      "all_upper": 0.2544529262086514,
      "has_digits": 0.022900763358778626,
      "single_word": 0.22900763358778625,
      "two_words": 0.5241730279898219,
      "multi_word": 0.24936386768447838,
      "short": 0.015267175572519083,
      "long": 0.08651399491094147,
      "all_lower": 0.7480916030534351,
      "has_special": 0.07888040712468193
    },
    "year": {
      "first_upper": 0.017543859649122806,
      "all_upper": 0.9649122807017544,
      "has_digits": 0.9824561403508771,
      "single_word": 0.9298245614035088,
      "two_words": 0.05263157894736842,
      "multi_word": 0.03508771929824561,
      "short": 0.017543859649122806,
      "long": 0.03508771929824561,
      "all_lower": 0.9824561403508771,
      "has_special": 0.6491228070175439
    },
    "city": {
      "first_upper": 0.2968299711815562,
      "all_upper": 0.31988472622478387,
      "has_digits": 0.011527377521613832,
      "single_word": 0.6484149855907781,
      "two_words": 0.23919308357348704,
      "multi_word": 0.11527377521613832,
      "short": 0.04899135446685879,
      "long": 0.08357348703170028,
      "all_lower": 0.7002881844380403,
      "has_special": 0.04899135446685879
    },
    "state_region": {
      "first_upper": 0.3466666666666667,
      "all_upper": 0.36,
      "has_digits": 0.02666666666666667,
      "single_word": 0.7866666666666666,
      "two_words": 0.17333333333333334,
      "multi_word": 0.05333333333333334,
      "short": 0.12,
      "long": 0.02666666666666667,
      "all_lower": 0.6533333333333333,
      "has_special": 0.04
    },
    "person": {
      "first_upper": 0.36134453781512604,
      "all_upper": 0.35294117647058826,
      "has_digits": 0.08021390374331551,
      "single_word": 0.04889228418640183,
      "two_words": 0.7532467532467533,
      "multi_word": 0.19862490450725745,
      "short": 0.0038197097020626434,
      "long": 0.08708938120702826,
      "all_lower": 0.6378915202444614,
      "has_special": 0.1497326203208556
    },
    "position": {
      "first_upper": 0.2,
      "all_upper": 0.18181818181818182,
      "has_digits": 0.01818181818181818,
      "single_word": 0.6909090909090909,
      "two_words": 0.2909090909090909,
      "multi_word": 0.03636363636363636,
      "short": 0.3090909090909091,
      "long": 0.01818181818181818,
      "all_lower": 0.8,
      "has_special": 0.07272727272727272
    },
    "country": {
      "first_upper": 0.27350427350427353,
      "all_upper": 0.27350427350427353,
      "has_digits": 0.008547008547008548,
      "single_word": 0.7264957264957265,
      "two_words": 0.24786324786324787,
      "multi_word": 0.03418803418803419,
      "short": 0.05982905982905983,
      "long": 0.02564102564102564,
      "all_lower": 0.7264957264957265,
      "has_special": 0.09401709401709402
    },
    "organization": {
      "first_upper": 0.184,
      "all_upper": 0.192,
      "has_digits": 0.064,
      "single_word": 0.408,
      "two_words": 0.32,
      "multi_word": 0.28,
      "short": 0.128,
      "long": 0.192,
      "all_lower": 0.816,
      "has_special": 0.08
    },
    "school": {
      "first_upper": 0.35398230088495575,
      "all_upper": 0.3185840707964602,
      "has_digits": 0.017699115044247787,
      "single_word": 0.21238938053097345,
      "two_words": 0.4336283185840708,
      "multi_word": 0.36283185840707965,
      "short": 0.035398230088495575,
      "long": 0.24778761061946902,
      "all_lower": 0.6460176991150443,
      "has_special": 0.1415929203539823
    },
    "sport": {
      "first_upper": 0.23809523809523808,
      "all_upper": 0.23809523809523808,
      "has_digits": 0.047619047619047616,
      "single_word": 0.6190476190476191,
      "two_words": 0.3333333333333333,
      "multi_word": 0.09523809523809523,
      "short": 0.09523809523809523,
      "long": 0.047619047619047616,
      "all_lower": 0.7619047619047619,
      "has_special": 0.09523809523809523
    },
    "status": {
      "first_upper": 0.6101694915254238,
      "all_upper": 0.5084745762711864,
      "has_digits": 0.3050847457627119,
      "single_word": 0.4915254237288136,
      "two_words": 0.22033898305084745,
      "multi_word": 0.3050847457627119,
      "short": 0.1694915254237288,
      "long": 0.1016949152542373,
      "all_lower": 0.3898305084745763,
      "has_special": 0.2711864406779661
    },
    "language": {
      "first_upper": 0.375,
      "all_upper": 0.375,
      "has_digits": 0.0625,
      "single_word": 0.75,
      "two_words": 0.25,
      "multi_word": 0.0625,
      "short": 0.0625,
      "long": 0.0625,
      "all_lower": 0.625,
      "has_special": 0.0625
    },
    "genre": {
      "first_upper": 0.1,
      "all_upper": 0.1,
      "has_digits": 0.1,
      "single_word": 0.4,
      "two_words": 0.5,
      "multi_word": 0.2,
      "short": 0.1,
      "long": 0.2,
      "all_lower": 0.9,
      "has_special": 0.1
    }
  }
}