{
  "feature_probs": {
    "QWORD": {
      "is_capitalized": 0.7691629955947137,
      "is_all_caps": 0.001762114537444934,
      "is_number": 0.000881057268722467,
      "has_special": 0.000881057268722467,
      "is_stop_word": 0.8969162995594714,
      "is_qword": 0.9991189427312775,
      "is_trigger_word": 0.000881057268722467,
      "follows_trigger": 0.03259911894273128,
      "follows_value": 0.000881057268722467,
      "follows_filler": 0.04229074889867841,
      "in_column_header": 0.000881057268722467,
      "position_early": 0.8616740088105727,
      "position_late": 0.003524229074889868,
      "is_short": 0.000881057268722467,
      "is_long": 0.000881057268722467
    },
    "SELECT_HINT": {
      "is_capitalized": 0.21861656703672075,
      "is_all_caps": 0.009393680614859094,
      "is_number": 0.018787361229718188,
      "has_special": 0.03159692570452605,
      "is_stop_word": 0.0008539709649871904,
      "is_qword": 0.0008539709649871904,
      "is_trigger_word": 0.0008539709649871904,
      "follows_trigger": 0.017079419299743808,
      "follows_value": 0.0008539709649871904,
      "follows_filler": 0.5815542271562767,
      "in_column_header": 0.0008539709649871904,
      "position_early": 0.7907771135781383,
      "position_late": 0.0008539709649871904,
      "is_short": 0.025619128949615714,
      "is_long": 0.5303159692570453
    },
    "FILLER": {
      "is_capitalized": 0.051269205076820305,
      "is_all_caps": 0.003841015364061456,
      "is_number": 0.041082164328657314,
      "has_special": 0.027054108216432865,
      "is_stop_word": 0.7661990647962592,
      "is_qword": 0.017201068804275216,
      "is_trigger_word": 0.007348029392117568,
      "follows_trigger": 0.0811623246492986,
      "follows_value": 0.07732130928523714,
      "follows_filler": 0.5187040748162992,
      "in_column_header": 0.00016700066800267202,
      "position_early": 0.28740814963259853,
      "position_late": 0.30511022044088176,
      "is_short": 0.32665330661322645,
      "is_long": 0.1062124248496994
    },
    "TRIGGER": {
      "is_capitalized": 0.09259259259259259,
      "is_all_caps": 0.009259259259259259,
      "is_number": 0.009259259259259259,
      "has_special": 0.018518518518518517,
      "is_stop_word": 0.009259259259259259,
      "is_qword": 0.009259259259259259,
      "is_trigger_word": 0.9907407407407407,
      "follows_trigger": 0.027777777777777776,
      "follows_value": 0.009259259259259259,
      "follows_filler": 0.2777777777777778,
      "in_column_header": 0.009259259259259259,
      "position_early": 0.26851851851851855,
      "position_late": 0.12962962962962962,
      "is_short": 0.009259259259259259,
      "is_long": 0.5555555555555556
    },
    "VALUE": {
      "is_capitalized": 0.21400113830392714,
      "is_all_caps": 0.01195219123505976,
      "is_number": 0.2970973249857712,
      "has_special": 0.2396129766647695,
      "is_stop_word": 0.026750142287990893,
      "is_qword": 0.0011383039271485487,
      "is_trigger_word": 0.0028457598178713715,
      "follows_trigger": 0.2504268639726807,
      "follows_value": 0.43995446784291403,
      "follows_filler": 0.4570290267501423,
      "in_column_header": 0.0005691519635742744,
      "position_early": 0.050654524758110414,
      "position_late": 0.5332953898690951,
      "is_short": 0.15025611838360842,
      "is_long": 0.43084803642572567
    },
    "CONTEXT": {
      "is_capitalized": 0.1947565543071161,
      "is_all_caps": 0.016229712858926344,
      "is_number": 0.04868913857677903,
      "has_special": 0.06367041198501873,
      "is_stop_word": 0.0006242197253433209,
      "is_qword": 0.0006242197253433209,
      "is_trigger_word": 0.0006242197253433209,
      "follows_trigger": 0.11298377028714107,
      "follows_value": 0.0006242197253433209,
      "follows_filler": 0.531210986267166,
      "in_column_header": 0.0006242197253433209,
      "position_early": 0.1466916354556804,
      "position_late": 0.12172284644194757,
      "is_short": 0.048064918851435705,
      "is_long": 0.4706616729088639
    }
  },
  "trans_probs": {
    "QWORD": {
      "QWORD": 0.006145741878841089,
      "SELECT_HINT": 0.24934152765583845,
      "FILLER": 0.659350307287094,
      "TRIGGER": 0.010535557506584723,
      "VALUE": 0.024582967515364356,
      "CONTEXT": 0.05004389815627744
    },
    "SELECT_HINT": {
      "QWORD": 0.04936170212765958,
      "SELECT_HINT": 0.13702127659574467,
      "FILLER": 0.5829787234042553,
      "TRIGGER": 0.01957446808510638,
      "VALUE": 0.01702127659574468,
      "CONTEXT": 0.19404255319148936
    },
    "FILLER": {
      "QWORD": 0.00869722775865193,
      "SELECT_HINT": 0.12339191882587425,
      "FILLER": 0.5627831128827686,
      "TRIGGER": 0.005435767349157456,
      "VALUE": 0.14549737271244792,
      "CONTEXT": 0.15419460047109984
    },
    "TRIGGER": {
      "QWORD": 0.09821428571428571,
      "SELECT_HINT": 0.026785714285714284,
      "FILLER": 0.5,
      "TRIGGER": 0.026785714285714284,
      "VALUE": 0.21428571428571427,
      "CONTEXT": 0.13392857142857142
    },
    "VALUE": {
      "QWORD": 0.0008064516129032258,
      "SELECT_HINT": 0.0008064516129032258,
      "FILLER": 0.37338709677419357,
      "TRIGGER": 0.0008064516129032258,
      "VALUE": 0.6233870967741936,
      "CONTEXT": 0.0008064516129032258
    },
    "CONTEXT": {
      "QWORD": 0.06875,
      "SELECT_HINT": 0.000625,
      "FILLER": 0.550625,
      "TRIGGER": 0.025625,
      "VALUE": 0.070625,
      "CONTEXT": 0.28375
    }
  },
  "start_probs": {
    "QWORD": 0.8996023856858847,
    "SELECT_HINT": 0.04473161033797217,
    "FILLER": 0.05069582504970179,
    "TRIGGER": 0.002982107355864811,
    "VALUE": 0.0009940357852882703,
    "CONTEXT": 0.0009940357852882703
  },
  "stats": {
    "n_sequences": 1000,
    "n_tokens": 11749
  }
}