{
  "match_reason_probs": {
    "team_to_team_column": 0.07242848447961046,
    "number_to_numeric_column": 0.33049300060864273,
    "place_to_location_column": 0.08338405356055995,
    "category_to_category_column": 0.0852099817407182,
    "number_to_id_column": 0.0815581253804017,
    "text_to_matching_column": 0.1503347534996957,
    "name_to_name_column": 0.11077297626293366,
    "year_to_year_column": 0.08460133901399879,
    "context_implies": 0.0012172854534388314
  },
  "disambig_probs": {
    "verb_phrase_links": 0.06240084611316764,
    "schema_compatibility": 0.24484399788471709,
    "column_name_near_value": 0.4685351665785299,
    "value_type_excludes": 0.14595452141723955,
    "position_in_question": 0.041248016922263354,
    "context_implies": 0.035959809624537285,
    "text_to_matching_column": 0.0010576414595452142
  }
}