{
  "operator_given_type": {
    "simple": {
      "=": 0.8061594202898551,
      ">": 0.12047101449275362,
      "IS NOT NULL": 0.019927536231884056,
      ">=": 0.021286231884057972,
      "<": 0.018568840579710144,
      "<=": 0.0009057971014492754,
      "IS NULL": 0.0018115942028985507,
      "BETWEEN": 0.003170289855072464,
      "IN": 0.0022644927536231885,
      "LIKE": 0.005434782608695652,
      "_count": 2124,
      "_total_observations": 2208
    },
    "compound": {
      "=": 0.47035040431266845,
      ">": 0.2082210242587601,
      "IN": 0.07243935309973046,
      "IS NOT NULL": 0.0862533692722372,
      ">=": 0.05323450134770889,
      "<=": 0.00033692722371967657,
      "NOT IN": 0.0010107816711590297,
      "!=": 0.004380053908355795,
      "<": 0.04919137466307277,
      "IS NULL": 0.011455525606469003,
      "BETWEEN": 0.03773584905660377,
      "LIKE": 0.005390835579514825,
      "_count": 1217,
      "_total_observations": 2968
    },
    "temporal": {
      ">=": 0.5103448275862069,
      "<": 0.3226053639846743,
      "BETWEEN": 0.04827586206896552,
      "IS NULL": 0.010727969348659003,
      "IS NOT NULL": 0.013026819923371647,
      "<=": 0.031417624521072794,
      ">": 0.024521072796934867,
      "=": 0.03295019157088123,
      "!=": 0.0030651340996168583,
      "IN": 0.0015325670498084292,
      "LIKE": 0.0015325670498084292,
      "_count": 878,
      "_total_observations": 1305
    },
    "negation": {
      "!=": 0.19029374201787994,
      "NOT IN": 0.07151979565772669,
      "IS NULL": 0.4393358876117497,
      "=": 0.21328224776500637,
      ">=": 0.002554278416347382,
      "IS NOT NULL": 0.007662835249042145,
      "<": 0.02937420178799489,
      ">": 0.037037037037037035,
      "IN": 0.006385696040868455,
      "NOT BETWEEN": 0.001277139208173691,
      "NOT LIKE": 0.001277139208173691,
      "_count": 646,
      "_total_observations": 783
    },
    "complex": {
      "=": 0.46782178217821785,
      ">": 0.18646864686468648,
      ">=": 0.1547029702970297,
      "NOT IN": 0.0012376237623762376,
      "BETWEEN": 0.02103960396039604,
      "IN": 0.028465346534653466,
      "!=": 0.00825082508250825,
      "IS NOT NULL": 0.036716171617161716,
      "<": 0.06724422442244224,
      "IS NULL": 0.013613861386138614,
      "EXISTS": 0.0008250825082508251,
      "<=": 0.0049504950495049506,
      "NOT EXISTS": 0.00041254125412541255,
      "LIKE": 0.007425742574257425,
      "NOT LIKE": 0.0008250825082508251,
      "_count": 487,
      "_total_observations": 2424
    },
    "comparison": {
      ">": 0.3965014577259475,
      "<": 0.2886297376093295,
      ">=": 0.17784256559766765,
      "<=": 0.1282798833819242,
      "AND": 0.0029154518950437317,
      "=": 0.0058309037900874635,
      "_count": 340,
      "_total_observations": 343
    },
    "multi_condition": {
      "=": 0.7865168539325843,
      ">": 0.09775280898876404,
      "<=": 0.0033707865168539327,
      "<": 0.025842696629213482,
      ">=": 0.0044943820224719105,
      "AND": 0.08202247191011236,
      "_count": 410,
      "_total_observations": 890
    },
    "implied_column": {
      "=": 0.9698492462311558,
      ">": 0.02512562814070352,
      "IS NULL": 0.005025125628140704,
      "_count": 196,
      "_total_observations": 199
    },
    "string_not_temporal": {
      "=": 0.9740932642487047,
      ">": 0.02072538860103627,
      "AND": 0.0051813471502590676,
      "_count": 189,
      "_total_observations": 193
    },
    "lookup_proper_noun": {
      "=": 1.0,
      "_count": 729,
      "_total_observations": 739
    },
    "lookup_number": {
      "=": 1.0,
      "_count": 311,
      "_total_observations": 311
    },
    "lookup_category": {
      "=": 1.0,
      "_count": 357,
      "_total_observations": 388
    },
    "year_as_string": {
      "=": 1.0,
      "_count": 145,
      "_total_observations": 145
    },
    "reverse_lookup": {
      "=": 1.0,
      "_count": 234,
      "_total_observations": 234
    }
  },
  "conjunction_given_type": {
    "simple": {
      "none": 0.6671374764595104,
      "and": 0.006591337099811676,
      "null": 0.2937853107344633,
      "AND": 0.03248587570621469,
      "_count": 2124,
      "_total_observations": 2124
    },
    "compound": {
      "and": 0.15858668857847166,
      "or": 0.01972062448644207,
      "AND": 0.7230895645028759,
      "OR": 0.036154478225143796,
      "AND/OR": 0.03286770747740345,
      "null": 0.013968775677896467,
      "mixed": 0.010682004930156122,
      "none": 0.0049301561216105174,
      "_count": 1217,
      "_total_observations": 1217
    },
    "temporal": {
      "none": 0.16173120728929385,
      "or": 0.009111617312072893,
      "and": 0.05694760820045558,
      "null": 0.3815489749430524,
      "AND": 0.38724373576309795,
      "OR": 0.003416856492027335,
      "_count": 878,
      "_total_observations": 878
    },
    "negation": {
      "none": 0.21052631578947367,
      "and": 0.010835913312693499,
      "or": 0.0015479876160990713,
      "null": 0.6346749226006192,
      "AND": 0.11609907120743033,
      "OR": 0.02631578947368421,
      "_count": 646,
      "_total_observations": 646
    },
    "complex": {
      "and": 0.16427104722792607,
      "nested": 0.008213552361396304,
      "AND": 0.813141683778234,
      "AND/OR": 0.014373716632443531,
      "_count": 487,
      "_total_observations": 487
    },
    "comparison": {
      "none": 0.9941176470588236,
      "and": 0.0058823529411764705,
      "_count": 340,
      "_total_observations": 340
    },
    "multi_condition": {
      "and": 0.9951219512195122,
      "none": 0.004878048780487805,
      "_count": 410,
      "_total_observations": 410
    },
    "implied_column": {
      "none": 0.9846938775510204,
      "and": 0.015306122448979591,
      "_count": 196,
      "_total_observations": 196
    },
    "string_not_temporal": {
      "none": 0.9788359788359788,
      "and": 0.021164021164021163,
      "_count": 189,
      "_total_observations": 189
    },
    "lookup_proper_noun": {
      "none": 0.9862825788751715,
      "and": 0.013717421124828532,
      "_count": 729,
      "_total_observations": 729
    },
    "lookup_number": {
      "none": 1.0,
      "_count": 311,
      "_total_observations": 311
    },
    "lookup_category": {
      "none": 0.876750700280112,
      "and": 0.12324929971988796,
      "_count": 357,
      "_total_observations": 357
    },
    "year_as_string": {
      "none": 1.0,
      "_count": 145,
      "_total_observations": 145
    },
    "reverse_lookup": {
      "none": 1.0,
      "_count": 234,
      "_total_observations": 234
    }
  },
  "temporal_given_domain": {
    "ecommerce": {
      "False": 0.6966019417475728,
      "True": 0.30339805825242716,
      "_count": 412,
      "_total_observations": 412
    },
    "education": {
      "False": 0.7162471395881007,
      "True": 0.2837528604118993,
      "_count": 437,
      "_total_observations": 437
    },
    "finance": {
      "False": 0.630272952853598,
      "True": 0.369727047146402,
      "_count": 403,
      "_total_observations": 403
    },
    "flat_education": {
      "False": 1.0,
      "_count": 212,
      "_total_observations": 212
    },
    "flat_entertainment": {
      "False": 1.0,
      "_count": 470,
      "_total_observations": 470
    },
    "flat_geography": {
      "False": 1.0,
      "_count": 485,
      "_total_observations": 485
    },
    "flat_military_history": {
      "False": 1.0,
      "_count": 444,
      "_total_observations": 444
    },
    "flat_politics_elections": {
      "False": 1.0,
      "_count": 402,
      "_total_observations": 402
    },
    "flat_rankings_awards": {
      "False": 1.0,
      "_count": 479,
      "_total_observations": 479
    },
    "flat_science_tech": {
      "False": 1.0,
      "_count": 235,
      "_total_observations": 235
    },
    "flat_sports_results": {
      "False": 1.0,
      "_count": 414,
      "_total_observations": 414
    },