{
  "operator_given_type": {
    "simple": {
      "=": 0.5950804162724692,
      ">": 0.25165562913907286,
      "IS NOT NULL": 0.041627246925260174,
      ">=": 0.04446546830652791,
      "<": 0.03878902554399243,
      "<=": 0.001892147587511826,
      "IS NULL": 0.003784295175023652,
      "BETWEEN": 0.006622516556291391,
      "IN": 0.004730368968779565,
      "LIKE": 0.011352885525070956,
      "_count": 975,
      "_total_observations": 1057
    },
    "compound": {
      "=": 0.47035040431266845,
      ">": 0.2082210242587601,
      "IN": 0.07243935309973046,
      "IS NOT NULL": 0.0862533692722372,
      ">=": 0.05323450134770889,
      "<=": 0.00033692722371967657,
      "NOT IN": 0.0010107816711590297,
      "!=": 0.004380053908355795,
      "<": 0.04919137466307277,
      "IS NULL": 0.011455525606469003,
      "BETWEEN": 0.03773584905660377,
      "LIKE": 0.005390835579514825,
      "_count": 1217,
      "_total_observations": 2968
    },
    "temporal": {
      ">=": 0.5103448275862069,
      "<": 0.3226053639846743,
      "BETWEEN": 0.04827586206896552,
      "IS NULL": 0.010727969348659003,
      "IS NOT NULL": 0.013026819923371647,
      "<=": 0.031417624521072794,
      ">": 0.024521072796934867,
      "=": 0.03295019157088123,
      "!=": 0.0030651340996168583,
      "IN": 0.0015325670498084292,
      "LIKE": 0.0015325670498084292,
      "_count": 878,
      "_total_observations": 1305
    },
    "negation": {
      "!=": 0.19029374201787994,
      "NOT IN": 0.07151979565772669,
      "IS NULL": 0.4393358876117497,
      "=": 0.21328224776500637,
      ">=": 0.002554278416347382,
      "IS NOT NULL": 0.007662835249042145,
      "<": 0.02937420178799489,
      ">": 0.037037037037037035,
      "IN": 0.006385696040868455,
      "NOT BETWEEN": 0.001277139208173691,
      "NOT LIKE": 0.001277139208173691,
      "_count": 646,
      "_total_observations": 783
    },
    "complex": {
      "=": 0.46782178217821785,
      ">": 0.18646864686468648,
      ">=": 0.1547029702970297,
      "NOT IN": 0.0012376237623762376,
      "BETWEEN": 0.02103960396039604,
      "IN": 0.028465346534653466,
      "!=": 0.00825082508250825,
      "IS NOT NULL": 0.036716171617161716,
      "<": 0.06724422442244224,
      "IS NULL": 0.013613861386138614,
      "EXISTS": 0.0008250825082508251,
      "<=": 0.0049504950495049506,
      "NOT EXISTS": 0.00041254125412541255,
      "LIKE": 0.007425742574257425,
      "NOT LIKE": 0.0008250825082508251,
      "_count": 487,
      "_total_observations": 2424
    }
  },
  "conjunction_given_type": {
    "simple": {
      "none": 0.27487179487179486,
      "and": 0.014358974358974359,
      "null": 0.64,
      "AND": 0.07076923076923076,
      "_count": 975,
      "_total_observations": 975
    },
    "compound": {
      "and": 0.15858668857847166,
      "or": 0.01972062448644207,
      "AND": 0.7230895645028759,
      "OR": 0.036154478225143796,
      "AND/OR": 0.03286770747740345,
      "null": 0.013968775677896467,
      "mixed": 0.010682004930156122,
      "none": 0.0049301561216105174,
      "_count": 1217,
      "_total_observations": 1217
    },
    "temporal": {
      "none": 0.16173120728929385,
      "or": 0.009111617312072893,
      "and": 0.05694760820045558,
      "null": 0.3815489749430524,
      "AND": 0.38724373576309795,
      "OR": 0.003416856492027335,
      "_count": 878,
      "_total_observations": 878
    },
    "negation": {
      "none": 0.21052631578947367,
      "and": 0.010835913312693499,
      "or": 0.0015479876160990713,
      "null": 0.6346749226006192,
      "AND": 0.11609907120743033,
      "OR": 0.02631578947368421,
      "_count": 646,
      "_total_observations": 646
    },
    "complex": {
      "and": 0.16427104722792607,
      "nested": 0.008213552361396304,
      "AND": 0.813141683778234,
      "AND/OR": 0.014373716632443531,
      "_count": 487,
      "_total_observations": 487
    }
  },
  "temporal_given_domain": {
    "ecommerce": {
      "False": 0.6966019417475728,
      "True": 0.30339805825242716,
      "_count": 412,
      "_total_observations": 412
    },
    "education": {
      "False": 0.7162471395881007,
      "True": 0.2837528604118993,
      "_count": 437,
      "_total_observations": 437
    },
    "finance": {
      "False": 0.630272952853598,
      "True": 0.369727047146402,
      "_count": 403,
      "_total_observations": 403
    },
    "healthcare": {
      "False": 0.6622222222222223,
      "True": 0.3377777777777778,
      "_count": 450,
      "_total_observations": 450
    },
    "hr": {
      "False": 0.6617283950617284,
      "True": 0.33827160493827163,
      "_count": 405,
      "_total_observations": 405
    },
    "logistics": {
      "False": 0.7378190255220418,
      "True": 0.26218097447795824,
      "_count": 431,
      "_total_observations": 431
    },
    "real_estate": {
      "False": 0.6651162790697674,
      "True": 0.33488372093023255,
      "_count": 430,
      "_total_observations": 430
    },
    "restaurant": {
      "False": 0.6919431279620853,
      "True": 0.3080568720379147,
      "_count": 422,
      "_total_observations": 422
    },
    "saas": {
      "False": 0.6844660194174758,
      "True": 0.3155339805825243,
      "_count": 412,
      "_total_observations": 412
    },
    "social_media": {
      "False": 0.5660847880299252,
      "True": 0.4339152119700748,
      "_count": 401,
      "_total_observations": 401
    }
  },
  "negation_given_type": {
    "simple": {
      "False": 1.0,
      "_count": 975,
      "_total_observations": 975
    },
    "compound": {
      "False": 0.9704190632703369,
      "True": 0.029580936729663106,
      "_count": 1217,
      "_total_observations": 1217
    },
    "temporal": {
      "False": 0.9920273348519362,
      "True": 0.007972665148063782,
      "_count": 878,
      "_total_observations": 878
    },
    "negation": {
      "True": 1.0,
      "_count": 646,
      "_total_observations": 646
    },
    "complex": {
      "False": 0.8480492813141683,
      "True": 0.15195071868583163,
      "_count": 487,
      "_total_observations": 487
    }
  },
  "join_given_type": {
    "simple": {
      "False": 0.9887179487179487,
      "True": 0.011282051282051283,
      "_count": 975,
      "_total_observations": 975
    },
    "compound": {
      "False": 0.7682826622843056,
      "True": 0.23171733771569433,
      "_count": 1217,
      "_total_observations": 1217
    },
    "temporal": {
      "False": 0.9920273348519362,
      "True": 0.007972665148063782,
      "_count": 878,
      "_total_observations": 878
    },
    "negation": {
      "False": 0.9845201238390093,
      "True": 0.015479876160990712,
      "_count": 646,
      "_total_observations": 646
    },
    "complex": {
      "False": 0.1457905544147844,
      "True": 0.8542094455852156,
      "_count": 487,
      "_total_observations": 487
    }
  },
  "temporal_type_dist": {
    "relative_to_now": {
      "probability": 0.5849056603773585,
      "count": 806
    },
    "absolute_date": {
      "probability": 0.30043541364296084,
      "count": 414
    },
    "date_range": {
      "probability": 0.11248185776487664,
      "count": 155
    },
    "relative_to_column": {
      "probability": 0.0021770682148040637,
      "count": 3
    }
  }
}