{
  "predicate_type <-> conjunction_type": 0.9940715235595144,
  "predicate_type <-> has_temporal": 0.5346165408543636,
  "predicate_type <-> has_negation": 0.3768952740978215,
  "predicate_type <-> requires_join": 0.25298255407749765,
  "conjunction_type <-> requires_join": 0.1546924618460152,
  "conjunction_type <-> has_temporal": 0.11781809236398405,
  "conjunction_type <-> has_negation": 0.06612721400686183,
  "has_temporal <-> requires_join": 0.047523671809194694,
  "has_negation <-> requires_join": 0.0006288289521197798,
  "has_temporal <-> has_negation": 0.0005337954164190079
}