{
  "predicate_type <-> conjunction_type": 0.9654256410775098,
  "predicate_type <-> has_temporal": 0.592418114252405,
  "predicate_type <-> has_negation": 0.43110895180918807,
  "predicate_type <-> requires_join": 0.27826521968687906,
  "conjunction_type <-> requires_join": 0.15768922750884537,
  "conjunction_type <-> has_temporal": 0.08998862396934953,
  "conjunction_type <-> has_negation": 0.05852415346119825,
  "has_temporal <-> requires_join": 0.043374253529768904,
  "has_temporal <-> has_negation": 0.003380545971986556,
  "has_negation <-> requires_join": 2.171646390174717e-05
}