{
  "predicate_type <-> has_temporal": 0.6770004402353889,
  "predicate_type <-> conjunction_type": 0.5863541867748,
  "predicate_type <-> has_negation": 0.5425226789453388,
  "predicate_type <-> requires_join": 0.31594703072920205,
  "conjunction_type <-> requires_join": 0.16450991114319596,
  "conjunction_type <-> has_negation": 0.04882576371743057,
  "has_temporal <-> has_negation": 0.029233671974448,
  "conjunction_type <-> has_temporal": 0.025070312773293232,
  "has_temporal <-> requires_join": 0.024459134807849767,
  "has_negation <-> requires_join": 0.0038103751618620302
}