{
  "predicate_type <-> conjunction_type": 0.9929276601998126,
  "predicate_type <-> has_temporal": 0.5296730417542456,
  "predicate_type <-> has_negation": 0.37255854447492065,
  "predicate_type <-> requires_join": 0.2507923830303842,
  "conjunction_type <-> requires_join": 0.1540923843727104,
  "conjunction_type <-> has_temporal": 0.1193909772424246,
  "conjunction_type <-> has_negation": 0.06660495341567903,
  "has_temporal <-> requires_join": 0.04772566933734799,
  "has_negation <-> requires_join": 0.0007008213118482004,
  "has_temporal <-> has_negation": 0.00042737329232117073
}